<?xml version="1.0" encoding="UTF-8" standalone="yes"?>
<addon id="plugin.video.atom" name="Atom Wizard" version="0.10.0" provider-name="http://atomwiz.github.io/AtomWiz">
  <requires>
    <import addon="xbmc.python" version="2.1.0"/>
  </requires>
  <extension point="xbmc.python.pluginsource" library="default.py">
        <provides>video executable</provides>
  </extension>
  <extension point="xbmc.addon.metadata">
		<summary lang="en">Atom Wizard</summary>
		<description lang="en">In this wizard you will find the latest AtomWiz</description>
		<disclaimer lang="en">Updates included are the following: Global TV, A wide variety of Anime, updated Genesis and cosmetic issues and small bugs. Visit http://atomwiz.github.io/AtomWiz/ for more info.</disclaimer>
		<forum>http://atomwiz.github.io/AtomWiz</forum>
		<source>http://atomwiz.github.io/AtomWiz</source>
		<website>http://atomwiz.github.io/AtomWiz</website>
		<platform>all</platform>
	</extension>
</addon>
